{"n": 6, "x": [595.0, 675.0, 755.0, 835.0, 915.0, 995.0], "y": [0.601, 0.601, 0.601, 1.1236666666666668, 0.601, 0.601], "obj": 5.927733333333335}